variable_name,readable_name,definition,description,type,units,allowed_values,value_labels,missing_values,source_or_origin,derivation_or_transformation,validation_rules,notes,review_status
a,Row/index field,Historical row or index field from the coded analysis workbook.,Present in the derived Stata file; exact provenance is not otherwise documented.,integer,,,,Stata missing values allowed unless model command excludes them,coded_output.xlsx,,integer or missing,Meaning inferred from legacy derived file; verify before reuse.,needs_review
age,Age per decade,Age scaled by decade for regression models.,Continuous predictor used in CPAP prescription and outcome models.,numeric,decades,,,Stata missing values allowed unless model command excludes them,coded_output.xlsx,,nonnegative numeric; age_n = age * 10,,documented
sex,Male,Original sex indicator coded as male before recoding to female.,Used to generate female.,binary,,0/1,"1 = Male, 0 = not male before recode",Stata missing values allowed unless model command excludes them,coded_output.xlsx,female generated by recode sex 1=0 0=1,0 or 1,Confirm original coding in local data pipeline.,needs_review
smoking,Smoking status,Smoking status category.,Categorical predictor in regression and table summaries.,categorical,,"0, 1, 2",0 = Never Smoker | 1 = Prior Smoker | 2 = Current Smoker,Stata missing values allowed unless model command excludes them,coded_output.xlsx,,"one of 0,1,2",,documented
bmi,BMI per 5 kg/m^2,Body mass index scaled by 5 kg/m^2 for models.,Continuous predictor.,numeric,5 kg/m^2 units,,,Stata missing values allowed unless model command excludes them,coded_output.xlsx,,positive numeric; bmi_n = bmi * 5,,documented
has_cv,Cardiac causes,Indicator for cardiac central sleep apnea etiology.,Etiology indicator used in models and etiology grouping.,binary,,"0, 1",0 = No | 1 = Yes,Stata missing values allowed unless model command excludes them,coded_output.xlsx,,0 or 1,,documented
has_tecsa,Treatment-emergent,Indicator for treatment-emergent central sleep apnea.,Etiology indicator used in models and etiology grouping.,binary,,"0, 1",0 = No | 1 = Yes,Stata missing values allowed unless model command excludes them,coded_output.xlsx,,0 or 1,,documented
has_osacsa,CA-OSA,Indicator for combined obstructive and central apnea etiology.,Etiology indicator used in models and etiology grouping.,binary,,"0, 1",0 = No | 1 = Yes,Stata missing values allowed unless model command excludes them,coded_output.xlsx,,0 or 1,,documented
has_cns,Neurologic causes,Indicator for neurologic central sleep apnea etiology.,Etiology indicator used in models and etiology grouping.,binary,,"0, 1",0 = No | 1 = Yes,Stata missing values allowed unless model command excludes them,coded_output.xlsx,,0 or 1,,documented
has_opiate,Opiate etiology,Indicator for opioid-associated central sleep apnea etiology.,Etiology indicator used in models and etiology grouping.,binary,,"0, 1",0 = No | 1 = Yes,Stata missing values allowed unless model command excludes them,coded_output.xlsx,,0 or 1,,documented
has_primary,Primary CSA,Indicator for primary central sleep apnea etiology.,Etiology indicator used in models and etiology grouping.,binary,,"0, 1",0 = No | 1 = Yes,Stata missing values allowed unless model command excludes them,coded_output.xlsx,,0 or 1,,documented
ahi,AHI per 10 events/hour,Apnea-hypopnea index scaled by 10 events/hour for models.,Disease severity predictor.,numeric,10 events/hour,,,Stata missing values allowed unless model command excludes them,coded_output.xlsx,,nonnegative numeric; ahi_n = ahi * 10,,documented
elevation,Elevation per 1000 ft,Home ZIP elevation scaled by 1000 feet for models.,Geographic/elevation predictor.,numeric,1000 feet,,,Stata missing values allowed unless model command excludes them,coded_output.xlsx,,numeric; elevation_n = elevation * 1000,,documented
percosa,PercOSA,Percent or proportion obstructive apnea measure from coded workbook.,Source measure related to central-apnea proportion category.,numeric,percent or proportion,,,Stata missing values allowed unless model command excludes them,coded_output.xlsx,,numeric,Unit inferred from variable name; verify in local coding pipeline.,needs_review
perc_osa_ord,Portion central apneas,Ordinal category for proportion of central apneas.,Primary central-apnea proportion category used in models.,categorical,,"0, 1, 2, 3",0 = <10% Central Apneas | 1 = 10-49.9% Central Apneas | 2 = 50-89.9% Central Apneas | 3 = >=90% Central Apneas,Stata missing values allowed unless model command excludes them,coded_output.xlsx,,"one of 0,1,2,3",,documented
basedx_mainlyosa,Base diagnosis: mainly OSA,Indicator for mainly obstructive sleep apnea baseline category.,One-hot baseline diagnosis indicator from the coded workbook.,binary,,"0, 1",0 = No | 1 = Yes,Stata missing values allowed unless model command excludes them,coded_output.xlsx,,0 or 1,,documented
basedx_combinedosacsa,Base diagnosis: combined OSA/CSA,Indicator for combined obstructive and central sleep apnea baseline category.,One-hot baseline diagnosis indicator from the coded workbook.,binary,,"0, 1",0 = No | 1 = Yes,Stata missing values allowed unless model command excludes them,coded_output.xlsx,,0 or 1,,documented
basedx_predominantlycsa,Base diagnosis: predominantly CSA,Indicator for predominantly central sleep apnea baseline category.,One-hot baseline diagnosis indicator from the coded workbook.,binary,,"0, 1",0 = No | 1 = Yes,Stata missing values allowed unless model command excludes them,coded_output.xlsx,,0 or 1,,documented
basedx_purecsa,Base diagnosis: pure CSA,Indicator for pure central sleep apnea baseline category.,One-hot baseline diagnosis indicator from the coded workbook.,binary,,"0, 1",0 = No | 1 = Yes,Stata missing values allowed unless model command excludes them,coded_output.xlsx,,0 or 1,,documented
studytype,Diagnosed by PSG,Original diagnostic modality indicator before recoding to HSAT.,Used to derive hsat.,binary,,"0, 1",0 = HSAT | 1 = PSG in original coding before recode to hsat,Stata missing values allowed unless model command excludes them,coded_output.xlsx,hsat generated by recode studytype 1=0 0=1,0 or 1,,documented
inittx_asv,Initial ASV trial,Indicator for initial adaptive servo-ventilation trial.,Treatment or outcome indicator from the coded workbook.,binary,,"0, 1",0 = No | 1 = Yes,Stata missing values allowed unless model command excludes them,coded_output.xlsx,,0 or 1,,documented
inittx_cpap,Initial CPAP trial,Indicator for initial CPAP prescription/trial.,Treatment or outcome indicator from the coded workbook.,binary,,"0, 1",0 = No CPAP Trial | 1 = CPAP Prescribed,Stata missing values allowed unless model command excludes them,coded_output.xlsx,,0 or 1,,documented
inittx_notcpapasvorunknown,Initial treatment not CPAP/ASV or unknown,Indicator for initial therapy category other than CPAP/ASV or unknown.,Treatment or outcome indicator from the coded workbook.,binary,,"0, 1",0 = No | 1 = Yes,Stata missing values allowed unless model command excludes them,coded_output.xlsx,,0 or 1,,documented
outcome_failedcpap,Outcome: failed CPAP,Indicator for CPAP failure outcome category.,Treatment or outcome indicator from the coded workbook.,binary,,"0, 1",0 = No | 1 = Yes,Stata missing values allowed unless model command excludes them,coded_output.xlsx,,0 or 1,,documented
outcome_na,Outcome: not applicable,Indicator for not-applicable outcome category.,Treatment or outcome indicator from the coded workbook.,binary,,"0, 1",0 = No | 1 = Yes,Stata missing values allowed unless model command excludes them,coded_output.xlsx,,0 or 1,,documented
outcome_noncompliant,Outcome: non-compliant,Indicator for nonadherence/noncompliance outcome.,Treatment or outcome indicator from the coded workbook.,binary,,"0, 1",0 = No | 1 = Yes,Stata missing values allowed unless model command excludes them,coded_output.xlsx,,0 or 1,,documented
outcome_resolvedwcpap,Outcome: resolved with CPAP,Indicator for adequate response/resolution with CPAP.,Treatment or outcome indicator from the coded workbook.,binary,,"0, 1",0 = No | 1 = Yes,Stata missing values allowed unless model command excludes them,coded_output.xlsx,,0 or 1,,documented
outcome_resolvedwbipap,Outcome: resolved with BPAP,Indicator for resolution with bilevel positive airway pressure.,Treatment or outcome indicator from the coded workbook.,binary,,"0, 1",0 = No | 1 = Yes,Stata missing values allowed unless model command excludes them,coded_output.xlsx,,0 or 1,,documented
female,Female,Female sex indicator derived from sex.,Model covariate generated in Stata.,binary,,"0, 1",0 = Male | 1 = Female,Stata missing values allowed unless model command excludes them,coded_output.xlsx / Stata/CSA regressions.do,"recode sex 1=0 0=1, gen(female)",0 or 1,,documented
hsat,Diagnosed by HSAT,Diagnostic modality indicator derived from studytype.,Model covariate generated in Stata.,binary,,"0, 1",0 = PSG | 1 = HSAT,Stata missing values allowed unless model command excludes them,coded_output.xlsx / Stata/CSA regressions.do,"recode studytype 1=0 0=1, gen(hsat)",0 or 1,,documented
log_elevation,Log of elevation,Log-transformed elevation generated by Stata ladder command.,Candidate transformed elevation variable.,numeric,,,,Stata missing values allowed unless model command excludes them,coded_output.xlsx / Stata/CSA regressions.do,ladder elevation,numeric,Generated by ladder; not used in final listed regression models.,needs_review
no_cpap,No CPAP trial,Inverse of initial CPAP prescription indicator.,Generated for outcome filtering and descriptive labeling.,binary,,"0, 1",0 = CPAP Prescribed | 1 = No CPAP Trial,Stata missing values allowed unless model command excludes them,coded_output.xlsx / Stata/CSA regressions.do,1 if inittx_cpap == 0; 0 if inittx_cpap == 1,0 or 1,,documented
age_n,Age (years),Unscaled age (years) value.,Derived display/table variable.,numeric,years,,,Stata missing values allowed unless model command excludes them,coded_output.xlsx / Stata/CSA regressions.do,age * 10,numeric,,documented
bmi_n,BMI (kg/m^2),Unscaled bmi (kg/m^2) value.,Derived display/table variable.,numeric,kg/m^2,,,Stata missing values allowed unless model command excludes them,coded_output.xlsx / Stata/CSA regressions.do,bmi * 5,numeric,,documented
elevation_n,Elevation (ft),Unscaled elevation (ft) value.,Derived display/table variable.,numeric,feet,,,Stata missing values allowed unless model command excludes them,coded_output.xlsx / Stata/CSA regressions.do,elevation * 1000,numeric,,documented
ahi_n,AHI (events/hour),Unscaled ahi (events/hour) value.,Derived display/table variable.,numeric,events/hour,,,Stata missing values allowed unless model command excludes them,coded_output.xlsx / Stata/CSA regressions.do,ahi * 10,numeric,,documented
etio_cat,Etiology category,Mutually exclusive etiology grouping used for heatmaps.,Generated from the six etiology indicators; multiple etiologies collapse to Multiple.,categorical,,0-6,0 = Multiple | 1 = Neurologic | 2 = Cardiac | 3 = Opiate | 4 = Primary | 5 = TECSA | 6 = CA-OSA/OSA-CSA,Stata missing values allowed unless model command excludes them,coded_output.xlsx / Stata/CSA regressions.do,"Sequential replacement from has_osacsa, has_tecsa, has_primary, has_cns, has_cv, has_opiate; multiple indicators set to 0.",integer 0-6,,documented
outcome,Results,Three-level outcome combining CPAP prescription and CPAP response.,Used in multinomial outcome model.,categorical,,"0, 1, 2",0 = No CPAP Trial | 1 = Adequate CPAP Trial | 2 = Unsuccessful CPAP Trial,Stata missing values allowed unless model command excludes them,coded_output.xlsx / Stata/CSA regressions.do,2*inittx_cpap - outcome_resolvedwcpap,"one of 0,1,2 or missing",,documented
outcome_w_cpap,Outcome among CPAP trialed,Binary inadequate/adequate CPAP outcome among those trialed.,Generated from outcome after excluding no-trial category.,binary,,"0, 1",0 = Adequate CPAP Trial | 1 = Unsuccessful CPAP Trial,Stata missing values allowed unless model command excludes them,coded_output.xlsx / Stata/CSA regressions.do,recode outcome (0=.) (1=0) (2=1),0 or 1 or missing,,documented
success_w_cpap,Adequate CPAP trial,Inverse success indicator among those trialed.,Used in Table 1 and heatplots.,binary,,"0, 1",0 = Unsuccessful CPAP Trial | 1 = Adequate CPAP Trial,Stata missing values allowed unless model command excludes them,coded_output.xlsx / Stata/CSA regressions.do,recode outcome_w_cpap (0=1) (1=0),0 or 1 or missing,,documented
ps,Propensity score for CPAP trial,Predicted probability of initial CPAP trial from logistic model.,Used to create IPTW weights.,numeric,probability,0-1,,Stata missing values allowed unless model command excludes them,coded_output.xlsx / Stata/CSA regressions.do,predict ps after logistic inittx_cpap model,0 <= ps <= 1,,documented
tx_pr_quintile,Treatment probability quintile,Quintile of CPAP treatment probability/propensity score.,Used for descriptive propensity-score tabulation.,ordinal,,1-5,,Stata missing values allowed unless model command excludes them,coded_output.xlsx / Stata/CSA regressions.do,"xtile tx_pr_quintile = ps, nq(5)",integer 1-5,,documented
ipw,Inverse probability weight,Inverse probability of treatment weight from propensity score.,Used in IPTW sensitivity models.,numeric,weight,,,Stata missing values allowed unless model command excludes them,coded_output.xlsx / Stata/CSA regressions.do,1/ps if inittx_cpap==1; 1/(1-ps) if inittx_cpap==0,positive numeric,,documented
perc_osa_bin,Binary central-apnea proportion category,Binary collapse of perc_osa_ord for sensitivity tabulation.,Used in tabulations by opioid etiology.,binary,,"0, 1",0 = <50% central apneas | 1 = >=50% central apneas,Stata missing values allowed unless model command excludes them,coded_output.xlsx / Stata/CSA regressions.do,recode perc_osa_ord 0/1=0 2/3=1,0 or 1 or missing,,documented
cpap_inadequate,CPAP inadequate outcome,Indicator for unsuccessful CPAP among trialed patients.,Generated after excluding patients with no CPAP trial.,binary,,"0, 1",0 = CPAP Adequate | 1 = CPAP Unsuccessful,Stata missing values allowed unless model command excludes them,coded_output.xlsx / Stata/CSA regressions.do,1 if outcome_resolvedwcpap == 0; 0 if outcome_resolvedwcpap == 1,0 or 1 or missing,,documented
_est_regresults,_est_regresults,Stata estimation-sample marker generated by stored estimates.,Internal Stata marker; not an input variable.,binary,,"0, 1",0 = not in estimation sample | 1 = in estimation sample,Stata missing values allowed unless model command excludes them,Stata estimation output,Generated by Stata estimates store,0 or 1,Internal analysis artifact; not required in coded_output.xlsx.,documented
_est_rx,_est_rx,Stata estimation-sample marker generated by stored estimates.,Internal Stata marker; not an input variable.,binary,,"0, 1",0 = not in estimation sample | 1 = in estimation sample,Stata missing values allowed unless model command excludes them,Stata estimation output,Generated by Stata estimates store,0 or 1,Internal analysis artifact; not required in coded_output.xlsx.,documented
_est_rx_margins,_est_rx_margins,Stata estimation-sample marker generated by stored estimates.,Internal Stata marker; not an input variable.,binary,,"0, 1",0 = not in estimation sample | 1 = in estimation sample,Stata missing values allowed unless model command excludes them,Stata estimation output,Generated by Stata estimates store,0 or 1,Internal analysis artifact; not required in coded_output.xlsx.,documented
_est_rx_rr,_est_rx_rr,Stata estimation-sample marker generated by stored estimates.,Internal Stata marker; not an input variable.,binary,,"0, 1",0 = not in estimation sample | 1 = in estimation sample,Stata missing values allowed unless model command excludes them,Stata estimation output,Generated by Stata estimates store,0 or 1,Internal analysis artifact; not required in coded_output.xlsx.,documented
_est_rx_rr_margins,_est_rx_rr_margins,Stata estimation-sample marker generated by stored estimates.,Internal Stata marker; not an input variable.,binary,,"0, 1",0 = not in estimation sample | 1 = in estimation sample,Stata missing values allowed unless model command excludes them,Stata estimation output,Generated by Stata estimates store,0 or 1,Internal analysis artifact; not required in coded_output.xlsx.,documented
outputs/stata/<date>/Results/cpap rx table1.xlsx,outputs/stata/<date>/Results/cpap rx table1.xlsx,Generated local workflow artifact.,Table 1 by initial CPAP prescription.,file,,,,not applicable,Stata/CSA regressions.do,Generated during local rerun,must remain under ignored outputs/,Do not commit local rerun output unless explicitly reviewed and approved.,documented
outputs/stata/<date>/Results/hsat supp table1.xlsx,outputs/stata/<date>/Results/hsat supp table1.xlsx,Generated local workflow artifact.,Supplemental table by HSAT diagnostic modality.,file,,,,not applicable,Stata/CSA regressions.do,Generated during local rerun,must remain under ignored outputs/,Do not commit local rerun output unless explicitly reviewed and approved.,documented
outputs/stata/<date>/Results/cpap outcome table1.xlsx,outputs/stata/<date>/Results/cpap outcome table1.xlsx,Generated local workflow artifact.,Table 1 by CPAP response among trialed patients.,file,,,,not applicable,Stata/CSA regressions.do,Generated during local rerun,must remain under ignored outputs/,Do not commit local rerun output unless explicitly reviewed and approved.,documented
outputs/stata/<date>/Results/cpap compliant table1.xlsx,outputs/stata/<date>/Results/cpap compliant table1.xlsx,Generated local workflow artifact.,Table 1 by CPAP nonadherence.,file,,,,not applicable,Stata/CSA regressions.do,Generated during local rerun,must remain under ignored outputs/,Do not commit local rerun output unless explicitly reviewed and approved.,documented
outputs/stata/<date>/Results/logistic_results.*,outputs/stata/<date>/Results/logistic_results.*,Generated local workflow artifact.,Regression table output from outreg2.,file,,,,not applicable,Stata/CSA regressions.do,Generated during local rerun,must remain under ignored outputs/,Do not commit local rerun output unless explicitly reviewed and approved.,documented
outputs/stata/<date>/Results/logistic_result_margins.*,outputs/stata/<date>/Results/logistic_result_margins.*,Generated local workflow artifact.,Marginal-effects table output from outreg2.,file,,,,not applicable,Stata/CSA regressions.do,Generated during local rerun,must remain under ignored outputs/,Do not commit local rerun output unless explicitly reviewed and approved.,documented
outputs/stata/<date>/Results/multinomial_outcomes.*,outputs/stata/<date>/Results/multinomial_outcomes.*,Generated local workflow artifact.,Multinomial model table output from outreg2.,file,,,,not applicable,Stata/CSA regressions.do,Generated during local rerun,must remain under ignored outputs/,Do not commit local rerun output unless explicitly reviewed and approved.,documented
outputs/stata/<date>/Figures/figure4_cpap_or_models.png,outputs/stata/<date>/Figures/figure4_cpap_or_models.png,Generated local workflow artifact.,Local rerun export of the main odds-ratio coefficient plot.,file,,,,not applicable,Stata/CSA regressions.do,Generated during local rerun,must remain under ignored outputs/,Do not commit local rerun output unless explicitly reviewed and approved.,documented
outputs/stata/<date>/Derived/csa_regressions.dta,outputs/stata/<date>/Derived/csa_regressions.dta,Generated local workflow artifact.,Local derived row-level analysis dataset; restricted and ignored.,file,,,,not applicable,Stata/CSA regressions.do,Generated during local rerun,must remain under ignored outputs/,Do not commit local rerun output unless explicitly reviewed and approved.,documented
